INSERT INTO regions(id, description) VALUES (1, 'Centro');
INSERT INTO regions(id, description) VALUES (2, 'Norte');
INSERT INTO regions(id, description) VALUES (3, 'Sur');
INSERT INTO branch_offices_types(id, description) VALUES (1, 'SUC');
INSERT INTO branch_offices_types(id, description) VALUES (2, 'OOP');
INSERT INTO cost_centers (id, description, enabled, code) VALUES (1, 'Centro costos Area', '1', '0000-000-000');
INSERT INTO cost_centers (id, description, enabled, code) VALUES (2, 'Centro costos Sucursal', '1', '1000-100-100'); 
INSERT INTO branch_offices(id, description, branch_office_type_id, cost_center_id, region_id) VALUES (1, 'Corporativo', 1, 2, 1);
INSERT INTO branch_offices(id, description, branch_office_type_id, cost_center_id, region_id) VALUES (2, 'Cdmx', 1, 2, 1);
#Users
INSERT INTO privileges(id, name) VALUES (1, 'READ_PRIVILEGE');
INSERT INTO privileges(id, name) VALUES (2, 'WRITE_PRIVILEGE');
INSERT INTO privileges(id, name) VALUES (3, 'OTHER_PRIVILEGE');
INSERT INTO users(id, email, first_name, password, username, token_expired, enabled, multi_branch_office, branch_office_id, see_all_branchs) VALUES (1, 'admin@admin.com', 'admin', '$2a$10$Rqu55ibYPMKAQlHdUMhvoemN9TIa2c/kJqnQ/tPcBohSiWLuVT4DS', 'admin', '1', '1', '0', '1', '1');
INSERT INTO authorities(id, description, detail, enabled) VALUES (1, 'ROLE_ADMIN', 'Administrador de sistema', '1');
INSERT INTO authorities(id, description, detail, enabled) VALUES (2, 'ROLE_BRANCHMANAGER', 'Gerente de Sucursal', '1');
INSERT INTO users_authorities(user_id, authority_id) VALUES (1, 1); 
INSERT INTO modules(id, icon, url, father_id, description, detail, enabled, url_menu) VALUES (1, 'fa fa-users', '/users/**', NULL, 'Usuarios', 'Admon usuarios', '1', 'users');
INSERT INTO modules(id, icon, url, father_id, description, detail, enabled, url_menu) VALUES (2, 'fa fa-tasks', '/modules/**', NULL, 'Modulos', 'Admon de modulos (endpoints)', '1', 'modules');
INSERT INTO modules(id, icon, url, father_id, description, detail, enabled, url_menu) VALUES (3, 'fa fa-address-card', '/authorities/**', NULL, 'Roles', 'Admon de los roles', '1', 'authorities');
INSERT INTO authorities_modules(authority_id, module_id) VALUES (1, 1);
INSERT INTO authorities_modules(authority_id, module_id) VALUES (1, 2);
INSERT INTO authorities_modules(authority_id, module_id) VALUES (1, 3);
#End Users
INSERT INTO blood_type(id, description) VALUES (1, 'A+');
INSERT INTO blood_type(id, description) VALUES (2, 'B+');
INSERT INTO blood_type(id, description) VALUES (3, 'AB+');
INSERT INTO blood_type(id, description) VALUES (4, 'O+');
INSERT INTO blood_type(id, description) VALUES (5, 'A-');
INSERT INTO blood_type(id, description) VALUES (6, 'B-');
INSERT INTO blood_type(id, description) VALUES (7, 'AB-');
INSERT INTO blood_type(id, description) VALUES (8, 'O-');
INSERT INTO dinning_room(id, description, price) VALUES (1, 'Paquete 1', 45.00);
INSERT INTO dinning_room(id, description, price) VALUES (2,'Paquete 2', 55.00);
INSERT INTO dinning_room(id, description, price) VALUES (3,'Paquete Ejecutivo', 80.00);
INSERT INTO driver_license_types(id, description) VALUES (1,'Permiso');
INSERT INTO driver_license_types(id, description) VALUES (2,'A');
INSERT INTO driver_license_types(id, description) VALUES (3,'B');
INSERT INTO driver_license_validity(id, description) VALUES (1,'Permanente');
INSERT INTO driver_license_validity(id, description) VALUES (2,'Temporal');
INSERT INTO employee_areas(id, description, cost_center_id) VALUES (1,'Sistemas', 1);
INSERT INTO employee_areas(id, description, cost_center_id) VALUES (2,'Comercialización', 1);
INSERT INTO employee_areas(id, description, cost_center_id) VALUES (3,'Cuentas', 1);
INSERT INTO employee_areas(id, description, cost_center_id) VALUES (4,'Operaciones', 1);
INSERT INTO employee_areas(id, description, cost_center_id) VALUES (5,'Recursos Humanos', 1);
INSERT INTO employee_areas(id, description, cost_center_id) VALUES (6,'Facturación', 1);
INSERT INTO employee_areas(id, description, cost_center_id) VALUES (7,'Finanzas', 1);
INSERT INTO employee_areas(id, description, cost_center_id) VALUES (8,'Administración', 1);
INSERT INTO employee_areas(id, description, cost_center_id) VALUES (9,'C4', 1);
INSERT INTO employee_areas(id, description, cost_center_id) VALUES (10,'Capacitación', 1);
INSERT INTO employee_areas(id, description, cost_center_id) VALUES (11,'Recursos materiales', 1);
INSERT INTO employee_areas(id, description, cost_center_id) VALUES (12,'Dirección General', 1);
INSERT INTO employee_banks(id, description) VALUES (1,'HSBC');
INSERT INTO employee_banks(id, description) VALUES (2,'BANCOMER');
INSERT INTO employee_banks(id, description) VALUES (3,'SANTANDER');
INSERT INTO employee_types_health(id, description) VALUES (1,'Saludable');
INSERT INTO employee_types_health(id, description) VALUES (2,'Recuperado');
INSERT INTO employee_types_health(id, description) VALUES (3,'Incapacidad por maternidad');
INSERT INTO employee_types_health(id, description) VALUES (4,'Incapacidad por riego de trabajo');
INSERT INTO employee_types_health(id, description) VALUES (5,'Incapacidad general');
INSERT INTO employee_types_health(id, description) VALUES (6,'Incapacidad permanente');
INSERT INTO employee_types_health(id, description) VALUES (7,'Sospechosos COVID-19 con incapacidad');
INSERT INTO employee_types_health(id, description) VALUES (8,'Sospechosos COVID-19 sin incapacidad');
INSERT INTO employee_types_health(id, description) VALUES (9,'Positivo COVID-19 con incapacidad');
INSERT INTO employee_types_health(id, description) VALUES (10,'Positivo COVID-19 sin incapacidad');
INSERT INTO employee_types_health(id, description) VALUES (11,'Otro');
INSERT INTO vaccine_dose(id, description) VALUES (1,'1ra dosis');
INSERT INTO vaccine_dose(id, description) VALUES (2,'Esquema completo');
INSERT INTO vaccine_dose(id, description) VALUES (3,'Dosis adicional');
INSERT INTO covid_vaccines(id, description) VALUES (1,'Pfizer');
INSERT INTO covid_vaccines(id, description) VALUES (2,'Astra Zeneca');
INSERT INTO covid_vaccines(id, description) VALUES (3,'Sinovac');
INSERT INTO covid_vaccines(id, description) VALUES (4,'Cansino');
INSERT INTO covid_vaccines(id, description) VALUES (5,'Sputnik');
INSERT INTO covid_vaccines(id, description) VALUES (6,'Moderna');
INSERT INTO covid_vaccines(id, description) VALUES (7,'Otra');
INSERT INTO employee_types(id, description, prefix) VALUES (1, 'Administrativo', 'AD-');
INSERT INTO employee_types(id, description, prefix) VALUES (2, 'Operativo', 'OP-');
INSERT INTO employee_positions(id, description, employee_type_id) VALUES (1,'SUPERVISOR', 2);
INSERT INTO employee_positions(id, description, employee_type_id) VALUES (2,'GUARDIA DE SEGURIDAD', 2);
INSERT INTO employee_positions(id, description, employee_type_id) VALUES (3,'CUBRE Y SUPERVISOR', 2);
INSERT INTO employee_positions(id, description, employee_type_id) VALUES (4,'ADMINISTRATIVO', 2);
INSERT INTO employee_positions(id, description, employee_type_id) VALUES (5,'COMODIN', 2);
INSERT INTO employee_positions(id, description, employee_type_id) VALUES (6,'CUBRE DESCANSO', 2);
INSERT INTO employee_positions(id, description, employee_type_id) VALUES (7,'GUARDIA ARMADO', 2);
INSERT INTO employee_positions(id, description, employee_type_id) VALUES (8,'GUARDIA BILINGÜE ', 2);
INSERT INTO employee_positions(id, description, employee_type_id) VALUES (9,'JEFE DE SERVICIO', 2);
INSERT INTO employee_positions(id, description, employee_type_id) VALUES (10,'JEFE DE TURNO', 2);
INSERT INTO employee_positions(id, description, employee_type_id) VALUES (11,'JEFE REGIONAL', 2);
INSERT INTO employee_positions(id, description, employee_type_id) VALUES (12,'MONITORISTA', 2);
INSERT INTO employee_positions(id, description, employee_type_id) VALUES (13,'PARAMEDICO', 2);
INSERT INTO employee_positions(id, description, employee_type_id) VALUES (14,'RECEPCIONISTA', 2);
INSERT INTO employee_positions(id, description, employee_type_id) VALUES (15,'SUPERVISOR OPERATIVO', 2);
INSERT INTO employee_positions(id, description, employee_type_id) VALUES (16,'VIGILANTE FORANEO', 2);
INSERT INTO employee_positions(id, description, employee_type_id) VALUES (17,'ACUARIO', 2);
INSERT INTO employee_positions(id, description, employee_type_id) VALUES (18,'ELEMENTO ESCOLTA', 2);
INSERT INTO employee_positions(id, description, employee_type_id) VALUES (19,'ENFERMERO', 2);
INSERT INTO employee_positions(id, description, employee_type_id) VALUES (20,'GERENTE DE UNIDAD', 1);
INSERT INTO employee_positions(id, description, employee_type_id) VALUES (21,'COORD. ADMTVA. Y RH', 1);
INSERT INTO employee_positions(id, description, employee_type_id) VALUES (22,'ANALISTA RH', 1);
INSERT INTO employee_positions(id, description, employee_type_id) VALUES (23,'AUX.R.H.', 1);
INSERT INTO employee_positions(id, description, employee_type_id) VALUES (24,'AUXILIAR DE NOMINA', 1);
INSERT INTO employee_positions(id, description, employee_type_id) VALUES (25,'CAPACITACION', 1);
INSERT INTO employee_positions(id, description, employee_type_id) VALUES (26,'COORD NOMINAS', 1);
INSERT INTO employee_positions(id, description, employee_type_id) VALUES (27,'COORD ADMIN', 1);
INSERT INTO employee_positions(id, description, employee_type_id) VALUES (28,'COORD RH', 1);
INSERT INTO employee_positions(id, description, employee_type_id) VALUES (29,'COORD RECLUTAMIENTO', 1);
INSERT INTO employee_positions(id, description, employee_type_id) VALUES (30,'COORDINADOR', 1);
INSERT INTO employee_positions(id, description, employee_type_id) VALUES (31,'INTENDENCIA', 1);
INSERT INTO employee_positions(id, description, employee_type_id) VALUES (32,'JEFE DE OPERACIONES', 1);
INSERT INTO employee_positions(id, description, employee_type_id) VALUES (33,'RECLUTADOR', 1);
#INSERT INTO employee_position_profile_payroll(id, description) VALUES (1,'Nominal');
#INSERT INTO employee_position_profile_payroll(id, description) VALUES (2,'No Nominal');
INSERT INTO types_staff(id, description) VALUES (1,'Plantilla base');
INSERT INTO types_staff(id, description) VALUES (2,'Plantilla comodin');
INSERT INTO types_staff(id, description) VALUES (3,'Plantilla especial');
INSERT INTO types_staff(id, description) VALUES (4,'Plantilla cubrevacaciones');
INSERT INTO employee_position_profiles(id, description, payroll, has_staff, types_staff_id) VALUES (1,'Base', 1, 1, 1);
INSERT INTO employee_position_profiles(id, description, payroll, has_staff, types_staff_id) VALUES (2,'Cubre descansos', 1, 1, 1);
INSERT INTO employee_position_profiles(id, description, payroll, has_staff, types_staff_id) VALUES (3,'Comodin', 1, 1, 2);
INSERT INTO employee_position_profiles(id, description, payroll, has_staff, types_staff_id) VALUES (4,'Especial', 0, 1, 3);
INSERT INTO employee_position_profiles(id, description, payroll, has_staff, types_staff_id) VALUES (5,'Cubrevacaciones', 1, 1, 4);
INSERT INTO employee_position_profiles(id, description, payroll, has_staff) VALUES (6,'Incapacidad', 0, 0);
INSERT INTO employee_position_profiles(id, description, payroll, has_staff) VALUES (7,'Externo', 0, 0);
INSERT INTO employee_special_courses(id, description) VALUES (1,'Registro de inducción');
INSERT INTO employee_special_courses(id, description) VALUES (2,'Basico de seguridad');
INSERT INTO employee_special_courses(id, description) VALUES (3,'Manejo de tonfa / PR-24');
INSERT INTO employee_special_courses(id, description) VALUES (4,'Manejo preventivo y reactivo');
INSERT INTO employee_status(id, description) VALUES (1,'Contratado');
INSERT INTO employee_status(id, description) VALUES (2,'Baja');
INSERT INTO prospect_status(id, description) VALUES (1,'Inicio proceso');
INSERT INTO prospect_status(id, description) VALUES (2,'En revisión');
INSERT INTO prospect_status(id, description) VALUES (3,'Rechazado');
INSERT INTO prospect_status(id, description) VALUES (4,'Contratado');
INSERT INTO expert_types(id, description) VALUES (1,'Basico');
INSERT INTO expert_types(id, description) VALUES (2,'Medio');
INSERT INTO expert_types(id, description) VALUES (3,'Avanzado');
INSERT INTO genders(id, description) VALUES (1,'Femenino');
INSERT INTO genders(id, description) VALUES (2,'Masculino');
INSERT INTO relationship_person(id, description) VALUES (1,'Madre');
INSERT INTO relationship_person(id, description) VALUES (2,'Padre');
INSERT INTO relationship_person(id, description) VALUES (3,'Hermano');
INSERT INTO relationship_person(id, description) VALUES (4,'Sobrino');
INSERT INTO hiring_documents_type(id, description) VALUES (1,'Proceso de seleccion');
INSERT INTO hiring_documents_type(id, description) VALUES (2,'Documentos personales');
INSERT INTO hiring_documents_type(id, description) VALUES (3,'Kit de contratacion');
INSERT INTO hiring_documents(id, description, hiring_documents_type_id) VALUES (1,'Solicitud de empleo ó C.V.', 1);
INSERT INTO hiring_documents(id, description, hiring_documents_type_id) VALUES (2,'Evaluación psicométrica.', 1);
INSERT INTO hiring_documents(id, description, hiring_documents_type_id) VALUES (3,'Estudio socioeconómico y/o referencias laborales pag. 4y5.', 1);
INSERT INTO hiring_documents(id, description, hiring_documents_type_id) VALUES (4,'Reporte de Antidoping y médico', 1);
INSERT INTO hiring_documents(id, description, hiring_documents_type_id) VALUES (5,'Comprobante de estudios ', 2);
INSERT INTO hiring_documents(id, description, hiring_documents_type_id) VALUES (6,'Carta de Recomendación Laboral ', 2);
INSERT INTO hiring_documents(id, description, hiring_documents_type_id) VALUES (7,'Carta de Recomendación Personal ', 2);
INSERT INTO hiring_documents(id, description, hiring_documents_type_id) VALUES (8,'Hoja del IMSS', 2);
INSERT INTO hiring_documents(id, description, hiring_documents_type_id) VALUES (9,'Reporte Buro de Credito', 2);
INSERT INTO hiring_documents(id, description, hiring_documents_type_id) VALUES (10,'Constancia de antecedentes No penales', 2);
INSERT INTO hiring_documents(id, description, hiring_documents_type_id) VALUES (11,'Renuncia EMPRESA', 2);
INSERT INTO hiring_documents(id, description, hiring_documents_type_id) VALUES (12,'Renuncia Administradora', 2);
INSERT INTO hiring_documents(id, description, hiring_documents_type_id) VALUES (13,'Carta compromiso', 2);
INSERT INTO hiring_documents(id, description, hiring_documents_type_id) VALUES (14,'Documento salud', 2);
INSERT INTO hiring_documents(id, description, hiring_documents_type_id) VALUES (15,'Acta administrativa', 2);
INSERT INTO hiring_documents(id, description, hiring_documents_type_id) VALUES (16,'Constancia Identificacion Fiscal', 2);
INSERT INTO hiring_documents(id, description, hiring_documents_type_id) VALUES (17,'Constancia Situacion Fiscal', 2);
INSERT INTO hiring_documents(id, description, hiring_documents_type_id) VALUES (18,'Acta de nacimiento', 2);
INSERT INTO hiring_documents(id, description, hiring_documents_type_id) VALUES (19,'Comprobante de domicilio', 2);
INSERT INTO hiring_documents(id, description, hiring_documents_type_id) VALUES (20,'Cartilla militar', 2);
INSERT INTO hiring_documents(id, description, hiring_documents_type_id) VALUES (21,'Contrato Laboral (EMPRESA y/o ADM)', 3);
INSERT INTO hiring_documents(id, description, hiring_documents_type_id) VALUES (22,'Convenio de confidencialidad', 3);
INSERT INTO hiring_documents(id, description, hiring_documents_type_id) VALUES (23,'Reglamento interno de trabajo', 3);
INSERT INTO hiring_documents(id, description, hiring_documents_type_id) VALUES (24,'Constancia de No Infonavit', 3);
INSERT INTO hiring_documents(id, description, hiring_documents_type_id) VALUES (25,'Cuestionario médico', 3);
INSERT INTO hiring_documents(id, description, hiring_documents_type_id) VALUES (26,'Verificación de infomación domiciliaria', 3);
INSERT INTO hiring_documents(id, description, hiring_documents_type_id) VALUES (27,'Responsiva de credencial', 3);
INSERT INTO hiring_documents(id, description, hiring_documents_type_id) VALUES (28,'Responsiva de uniformes', 3);
INSERT INTO hiring_documents(id, description, hiring_documents_type_id) VALUES (29,'Media filiación y huellas dactilares', 3);
INSERT INTO hiring_documents(id, description, hiring_documents_type_id) VALUES (30,'Constancia de No proceso legal', 3);
INSERT INTO hiring_documents(id, description, hiring_documents_type_id) VALUES (31,'Renuncia EMPRESA', 3);
INSERT INTO hiring_documents(id, description, hiring_documents_type_id) VALUES (32,'Renuncia Administradora', 3);
INSERT INTO hiring_documents(id, description, hiring_documents_type_id) VALUES (33,'Carta compromiso', 3);
INSERT INTO hiring_documents(id, description, hiring_documents_type_id) VALUES (34,'Aviso Privacidad EMPRESA', 3);
#INSERT INTO managing_companies(id, description) VALUES (1,'Empresa sa de cv');
#INSERT INTO managing_companies(id, description) VALUES (2,'Empresa Outsourcing 1');
INSERT INTO marital_status(id, description) VALUES (1,'Soltero');
INSERT INTO marital_status(id, description) VALUES (2,'Casado');
INSERT INTO marital_status(id, description) VALUES (3,'Divorciado');
INSERT INTO marital_status(id, description) VALUES (4,'Viudo');
INSERT INTO marital_status(id, description) VALUES (5,'Union libre');
INSERT INTO nationality(id, description) VALUES (1,'Mexicana');
INSERT INTO nationality(id, description) VALUES (2,'Estadounidense');
INSERT INTO nationality(id, description) VALUES (3,'Canadiense');
INSERT INTO reason_quit_job(id, description, rehire) VALUES (1,'Renuncia voluntaria', 1);
INSERT INTO reason_quit_job(id, description, rehire) VALUES (2,'Despido', 1);
INSERT INTO reason_quit_job(id, description, rehire) VALUES (3,'Termino de proyecto', 1);
INSERT INTO reason_quit_job(id, description, rehire) VALUES (4,'Recorte de personal', 1);
INSERT INTO reason_quit_job(id, description, rehire) VALUES (5,'Termino de contrato', 1);
INSERT INTO reason_quit_job(id, description, rehire) VALUES (6,'Confronta', 1);
INSERT INTO reason_quit_job(id, description, rehire) VALUES (7,'SUA provisional', 1);
INSERT INTO reason_quit_job(id, description, rehire) VALUES (8,'Rescision de contrato', 0);
INSERT INTO other_reason_quit_job(id, description) VALUES (1,'Incapacidad permanente');
INSERT INTO other_reason_quit_job(id, description) VALUES (2,'Jubilacion');
INSERT INTO other_reason_quit_job(id, description) VALUES (3,'Muerte');
INSERT INTO other_reason_quit_job(id, description) VALUES (4,'Termino de servicio');
INSERT INTO other_reason_quit_job(id, description) VALUES (5,'No firma de contrato');
INSERT INTO other_reason_quit_job(id, description) VALUES (6,'RV Abandono de trabajo');
INSERT INTO other_reason_quit_job(id, description) VALUES (7,'RV Acoso');
INSERT INTO other_reason_quit_job(id, description) VALUES (8,'RV Cuidado de hijos');
INSERT INTO other_reason_quit_job(id, description) VALUES (9,'RV Distancia al servicio');
INSERT INTO other_reason_quit_job(id, description) VALUES (10,'RV Estudios');
INSERT INTO other_reason_quit_job(id, description) VALUES (11,'RV Mejor empleo');
INSERT INTO other_reason_quit_job(id, description) VALUES (12,'RV Problemas con Jefe inmediato');
INSERT INTO other_reason_quit_job(id, description) VALUES (13,'RV Salario');
INSERT INTO other_reason_quit_job(id, description) VALUES (14,'RV Salud');
INSERT INTO other_reason_quit_job(id, description) VALUES (15,'TC Acoso');
INSERT INTO other_reason_quit_job(id, description) VALUES (16,'TC Bajo desempeño');
INSERT INTO other_reason_quit_job(id, description) VALUES (17,'TC Faltas');
INSERT INTO other_reason_quit_job(id, description) VALUES (18,'TC Problemas con compañeros');
INSERT INTO other_reason_quit_job(id, description) VALUES (19,'TC Solicitud del cliente');
INSERT INTO other_reason_quit_job(id, description) VALUES (20,'TC Falta Probidad');
INSERT INTO other_reason_quit_job(id, description) VALUES (21,'TC Consumo de drogas o alcohol');
INSERT INTO school_grades(id, description) VALUES (1,'Primaria');
INSERT INTO school_grades(id, description) VALUES (2,'Secundaria');
INSERT INTO school_grades(id, description) VALUES (3,'Bachillerato');
INSERT INTO school_grades(id, description) VALUES (4,'Licenciatura');
INSERT INTO school_grades(id, description) VALUES (5,'Maestria');
INSERT INTO school_grades(id, description) VALUES (6,'Doctorado');
INSERT INTO school_grades_complete(id, description) VALUES (1,'Titulado');
INSERT INTO school_grades_complete(id, description) VALUES (2,'Truncos');
INSERT INTO school_grades_complete(id, description) VALUES (3,'En curso');
INSERT INTO school_grades_complete(id, description) VALUES (4,'Otro');
INSERT INTO addresses_states(id, description) VALUES (1,'Aguascalientes');
INSERT INTO addresses_states(id, description) VALUES (2,'Baja California');
INSERT INTO addresses_states(id, description) VALUES (3,'Baja California Sur');
INSERT INTO addresses_states(id, description) VALUES (4,'Campeche');
INSERT INTO addresses_states(id, description) VALUES (5,'Coahuila');
INSERT INTO addresses_states(id, description) VALUES (6,'Colima');
INSERT INTO addresses_states(id, description) VALUES (7,'Chiapas');
INSERT INTO addresses_states(id, description) VALUES (8,'Chihuahua');
INSERT INTO addresses_states(id, description) VALUES (9,'CDMX');
INSERT INTO addresses_states(id, description) VALUES (10,'Durango');
INSERT INTO addresses_states(id, description) VALUES (11,'Guanajuato');
INSERT INTO addresses_states(id, description) VALUES (12,'Guerrero');
INSERT INTO addresses_states(id, description) VALUES (13,'Hidalgo');
INSERT INTO addresses_states(id, description) VALUES (14,'Jalisco');
INSERT INTO addresses_states(id, description) VALUES (15,'Estado de México');
INSERT INTO addresses_states(id, description) VALUES (16,'Michoacán');
INSERT INTO addresses_states(id, description) VALUES (17,'Morelos');
INSERT INTO addresses_states(id, description) VALUES (18,'Nayarit');
INSERT INTO addresses_states(id, description) VALUES (19,'Nuevo León');
INSERT INTO addresses_states(id, description) VALUES (20,'Oaxaca');
INSERT INTO addresses_states(id, description) VALUES (21,'Puebla');
INSERT INTO addresses_states(id, description) VALUES (22,'Querétaro');
INSERT INTO addresses_states(id, description) VALUES (23,'Quintana Roo');
INSERT INTO addresses_states(id, description) VALUES (24,'San Luis Potosí');
INSERT INTO addresses_states(id, description) VALUES (25,'Sinaloa');
INSERT INTO addresses_states(id, description) VALUES (26,'Sonora');
INSERT INTO addresses_states(id, description) VALUES (27,'Tabasco');
INSERT INTO addresses_states(id, description) VALUES (28,'Tamaulipas');
INSERT INTO addresses_states(id, description) VALUES (29,'Tlaxcala');
INSERT INTO addresses_states(id, description) VALUES (30,'Veracruz');
INSERT INTO addresses_states(id, description) VALUES (31,'Yucatán');
INSERT INTO addresses_states(id, description) VALUES (32,'Zacatecas');
INSERT INTO turns(id, description) VALUES (1,'8X16');
INSERT INTO turns(id, description) VALUES (2,'12x12');
INSERT INTO turns(id, description) VALUES (3,'12x36');
INSERT INTO turns(id, description) VALUES (4,'12x24');
INSERT INTO turns(id, description) VALUES (5,'24X24');
INSERT INTO type_hiring(id, description) VALUES (1,'Empresa');
INSERT INTO type_hiring(id, description) VALUES (2,'Outsourcing');

INSERT INTO payroll_types(id, description) VALUES (1, 'Semanal');
INSERT INTO payroll_types(id, description) VALUES (2, 'Quincenal');
INSERT INTO payroll_types(id, description) VALUES (3, 'Aguinaldo');
INSERT INTO factors_discount_infonavit(id, description) VALUES (1, 'Porcentaje');
INSERT INTO factors_discount_infonavit(id, description) VALUES (2, 'Veces salario mínimo');
INSERT INTO factors_discount_infonavit(id, description) VALUES (3, 'Cuota fija');
INSERT INTO imss_movement_types(id, description) VALUES (1, 'Alta');
INSERT INTO imss_movement_types(id, description) VALUES (2, 'Baja');
INSERT INTO imss_movement_types(id, description) VALUES (3, 'Modificación Salarial');
INSERT INTO imss_movement_types(id, description) VALUES (4, 'Baja-Alta');
INSERT INTO imss_movement_types(id, description) VALUES (5, 'Ninguno');
INSERT INTO imss_movement_status(id, description) VALUES (1, 'Solicitud nueva');
INSERT INTO imss_movement_status(id, description) VALUES (2, 'Enviado a Imss');
INSERT INTO imss_movement_status(id, description) VALUES (3, 'Aprobado');
INSERT INTO imss_movement_status(id, description) VALUES (4, 'Rechazado');
INSERT INTO imss_movement_status(id, description) VALUES (5, 'Enviado a Suc para correción');
INSERT INTO imss_movement_status(id, description) VALUES (6, 'Corregido por Suc');
INSERT INTO imss_movement_status(id, description) VALUES (7, 'Re envio a Imss');
INSERT INTO imss_movement_status(id, description) VALUES (8, 'Movimiento descartado');
INSERT INTO invoiced_resource_types(id, description) VALUES (1,'Facturado');
INSERT INTO invoiced_resource_types(id, description) VALUES (2,'No Facturado');
